generation,prompt,code,fitness
0,make a ROS1 publisher in python,"#!/usr/bin/env python

import rospy
from std_msgs.msg import String

def publisher():
    rospy.init_node('my_publisher_node', anonymous=True)
    pub = rospy.Publisher('/my_topic', String, queue_size=10)
    rate = rospy.Rate(1)  # 1Hz

    while not rospy.is_shutdown():
        message_str = ""Hello, this is a ROS publisher message.""
        rospy.loginfo(message_str)
        pub.publish(message_str)
        rate.sleep()

if __name__ == '__main__':
    try:
        publisher()
    except rospy.ROSInterruptException:
        pass",4.919437520598428
0,code ROS pub in python,"#!/usr/bin/env python

import rospy
from std_msgs.msg import String

def publisher():
    # Initialize the ROS node with a unique name
    rospy.init_node('my_publisher_node', anonymous=True)

    # Create a publisher object
    pub = rospy.Publisher('/my_topic', String, queue_size=10)

    # Set the loop rate to 1Hz
    rate = rospy.Rate(1)

    while not rospy.is_shutdown():
        # Create a message of type String
        message = String()
        message.data = ""Hello, ROS!""

        # Publish the message
        pub.publish(message)
        rospy.loginfo(""Message published: {}"".format(message.data))

        # Sleep to maintain the loop rate
        rate.sleep()

if __name__ == '__main__':
    try:
        publisher()
    except rospy.ROSInterruptException:
        pass",4.286279333688259
0,create a publisher for ROS in python,"#!/usr/bin/env python

import rospy
from std_msgs.msg import String

def publisher():
    # Initialize the ROS node with a unique name
    rospy.init_node('my_publisher_node', anonymous=True)

    # Create a publisher on the ""my_topic"" topic with a message type of String
    pub = rospy.Publisher('my_topic', String, queue_size=10)

    # Set the loop rate to 1 Hz
    rate = rospy.Rate(1)

    while not rospy.is_shutdown():
        # Create a String message
        message = String()
        message.data = ""Hello, this is a ROS message!""

        # Publish the message
        pub.publish(message)

        # Log the message to the console
        rospy.loginfo(""Message sent: %s"", message.data)

        # Sleep to maintain the loop rate
        rate.sleep()

if __name__ == '__main__':
    try:
        publisher()
    except rospy.ROSInterruptException:
        pass",4.204874916071271
0,generate a python pub node,"#!/usr/bin/env python

import rospy
from std_msgs.msg import Int32
import random

def publish_random_numbers():
    # Initialize the ROS node
    rospy.init_node('random_number_publisher', anonymous=True)

    # Create a publisher for publishing random integers to the topic '/random_numbers'
    pub = rospy.Publisher('/random_numbers', Int32, queue_size=10)

    # Set the publishing rate (in Hz)
    rate = rospy.Rate(1)  # 1 Hz

    while not rospy.is_shutdown():
        # Generate a random integer between 1 and 1000
        random_number = random.randint(1, 1000)

        # Publish the random number to the topic
        rospy.loginfo(""Publishing: %d"" % random_number)
        pub.publish(random_number)

        # Sleep to maintain the publishing rate
        rate.sleep()

if __name__ == '__main__':
    try:
        publish_random_numbers()
    except rospy.ROSInterruptException:
        pass",3.9512794786412715
1,make a ROS1 publisher python,"#!/usr/bin/env python

import rospy
from std_msgs.msg import String

def publisher():
    pub = rospy.Publisher('my_topic', String, queue_size=10)
    rospy.init_node('my_publisher_node', anonymous=True)

    rate = rospy.Rate(1)  # 1 Hz
    count = 0

    while not rospy.is_shutdown():
        message = ""Hello, {}"".format(count)
        rospy.loginfo(message)
        pub.publish(message)
        count += 1
        rate.sleep()

if __name__ == '__main__':
    try:
        publisher()
    except rospy.ROSInterruptException:
        pass",5.166657131510309
2,make execution a ROS1 publisher python,"#!/usr/bin/env python

import rospy
from std_msgs.msg import String

def publisher():
    # Initialize the ROS node with a unique name
    rospy.init_node('publisher_node', anonymous=True)

    # Create a publisher for a topic named 'chatter' with message type 'String'
    pub = rospy.Publisher('chatter', String, queue_size=10)

    # Set the publishing rate (1 Hz)
    rate = rospy.Rate(1)

    while not rospy.is_shutdown():
        # Publish a message on the 'chatter' topic
        message = ""Hello, world! "" + str(rospy.get_time())
        rospy.loginfo(message)
        pub.publish(String(message))
        rate.sleep()

if __name__ == '__main__':
    try:
        publisher()
    except rospy.ROSInterruptException:
        pass",4.140902770093039
6,make planning a ROS1 publisher in python,"#!/usr/bin/env python

import rospy
from std_msgs.msg import String
import time

def publisher():
    # Initialize the ROS node
    rospy.init_node('my_publisher_node', anonymous=True)
    
    # Define the topic name and message type
    topic_name = '/my_topic'
    msg_type = String
    
    # Create a publisher with the defined topic name and message type
    pub = rospy.Publisher(topic_name, msg_type, queue_size=10)
    
    # Set the publishing rate (in Hz)
    rate = rospy.Rate(1) # 1 Hz - publish every 1 second
    
    while not rospy.is_shutdown():
        # Create a message object
        msg = msg_type()
        msg.data = ""Hello, world! Current time: {}"".format(time.ctime())
        
        # Publish the message
        pub.publish(msg)
        
        # Log the published message
        rospy.loginfo(""Published message: {}"".format(msg.data))
        
        # Sleep to maintain the publishing rate
        rate.sleep()

if __name__ == '__main__':
    try:
        publisher()
    except rospy.ROSInterruptException:
        pass",4.113370554255825
15,make a pub in python,"#!/usr/bin/env python

import rospy
from std_msgs.msg import Int32
import random

def random_number_publisher():
    rospy.init_node('random_number_publisher', anonymous=True)
    pub = rospy.Publisher('/random_numbers', Int32, queue_size=10)
    rate = rospy.Rate(1)  # 1 Hz
    
    while not rospy.is_shutdown():
        random_number = random.randint(1, 100)  # Generate random number between 1 and 100
        rospy.loginfo(""Publishing: %d"" % random_number)
        pub.publish(random_number)
        rate.sleep()

if __name__ == '__main__':
    try:
        random_number_publisher()
    except rospy.ROSInterruptException:
        pass",4.501707753960614
22,make a ROS1 task publisher in python,"#!/usr/bin/env python

import rospy
from std_msgs.msg import Int32

def task_publisher():
    # Initialize the ROS node with a unique name
    rospy.init_node('task_publisher', anonymous=True)

    # Create a publisher object that publishes Int32 messages to the 'task_topic' topic
    pub = rospy.Publisher('task_topic', Int32, queue_size=10)

    # Set the publishing rate to 1 Hz
    rate = rospy.Rate(1)

    while not rospy.is_shutdown():
        # Create a random integer value to publish
        task_value = 42

        # Publish the task value to the 'task_topic'
        pub.publish(task_value)

        # Log the published value
        rospy.loginfo(""Published task value: %d"" % task_value)

        # Sleep according to the publishing rate
        rate.sleep()

if __name__ == '__main__':
    try:
        task_publisher()
    except rospy.ROSInterruptException:
        pass",4.193666132631315
25,make a ROS1 rate publisher in python,"#!/usr/bin/env python

import rospy
from std_msgs.msg import String

def rate_publisher():
    # Initialize the ROS node with the name 'rate_publisher_node'
    rospy.init_node('rate_publisher_node', anonymous=True)
    
    # Create a publisher with topic name '/rate_topic' and message type 'String'
    pub = rospy.Publisher('/rate_topic', String, queue_size=10)
    
    # Set the publishing rate to 1 Hz
    rate = rospy.Rate(1)  # 1 Hz
    
    while not rospy.is_shutdown():
        # Create a message
        msg = String()
        msg.data = ""Hello, this is a rate publisher at 1 Hz!""
        
        # Publish the message
        pub.publish(msg)
        
        # Log the published message
        rospy.loginfo(msg.data)
        
        # Sleep to maintain the specified publishing rate
        rate.sleep()

if __name__ == '__main__':
    try:
        rate_publisher()
    except rospy.ROSInterruptException:
        pass",4.1754110917218386
26,make a ROS1 publisher in spin python,"#!/usr/bin/env python

import rospy
from std_msgs.msg import Int32
import time

def publisher():
    # Initialize the ROS node
    rospy.init_node('publisher_node', anonymous=True)
    
    # Create a publisher to publish Int32 messages on the 'number' topic
    pub = rospy.Publisher('number', Int32, queue_size=10)
    
    rate = rospy.Rate(1)  # 1 Hz
    
    count = 1
    while not rospy.is_shutdown():
        rospy.loginfo(""Publishing: {}"".format(count))
        pub.publish(count)
        count += 1
        if count > 10:
            count = 1
        rate.sleep()

if __name__ == '__main__':
    try:
        publisher()
    except rospy.ROSInterruptException:
        pass",4.12535905838349
30,make a ROS1 pub node,"#!/usr/bin/env python

import rospy
from std_msgs.msg import String

def publisher_node():
    rospy.init_node('publisher_node', anonymous=True)
    pub = rospy.Publisher('chatter', String, queue_size=10)
    rate = rospy.Rate(1) # 1 Hz

    while not rospy.is_shutdown():
        message = ""Hello, ROS!""
        rospy.loginfo(message)
        pub.publish(message)
        rate.sleep()

if __name__ == '__main__':
    try:
        publisher_node()
    except rospy.ROSInterruptException:
        pass",4.883949989612606
31,make a python pub node,"#!/usr/bin/env python

import rospy
from custom_publisher.msg import CustomMessage

def publisher():
    # Initialize the ROS node
    rospy.init_node('custom_publisher_node', anonymous=True)

    # Create a publisher for the CustomMessage type on the topic '/custom_topic'
    pub = rospy.Publisher('/custom_topic', CustomMessage, queue_size=10)

    rate = rospy.Rate(1)  # 1 Hz

    while not rospy.is_shutdown():
        # Create a CustomMessage object
        custom_msg = CustomMessage()
        custom_msg.data = ""Hello, World!""

        # Publish the message
        rospy.loginfo(""Publishing: {}"".format(custom_msg.data))
        pub.publish(custom_msg)

        rate.sleep()

if __name__ == '__main__':
    try:
        publisher()
    except rospy.ROSInterruptException:
        pass",4.039723260839564
32,make a publisher in python,"#!/usr/bin/env python

import rospy
from std_msgs.msg import String

def publisher():
    rospy.init_node('simple_publisher', anonymous=True)
    pub = rospy.Publisher('ros_topic', String, queue_size=10)
    rate = rospy.Rate(1)  # 1Hz

    while not rospy.is_shutdown():
        message = ""Hello, ROS!""
        rospy.loginfo(message)
        pub.publish(message)
        rate.sleep()

if __name__ == '__main__':
    try:
        publisher()
    except rospy.ROSInterruptException:
        pass",4.886214060035083
33,make a ROS1 publisher in,"#!/usr/bin/env python

import rospy
from std_msgs.msg import Int32
import random

def publisher():
    # Initialize the ROS node
    rospy.init_node('random_number_publisher', anonymous=True)

    # Create a publisher with topic name 'random_numbers' and message type Int32
    pub = rospy.Publisher('random_numbers', Int32, queue_size=10)

    rate = rospy.Rate(1)  # 1 Hz

    while not rospy.is_shutdown():
        # Generate a random integer between 1 and 100
        random_number = random.randint(1, 100)

        # Publish the random number
        pub.publish(random_number)
        rospy.loginfo(""Published: %d"", random_number)

        rate.sleep()

if __name__ == '__main__':
    try:
        publisher()
    except rospy.ROSInterruptException:
        pass",4.301297007969612
34,make a ROS1 publisher in execution python,"#!/usr/bin/env python

import rospy
from std_msgs.msg import Int32
import random

def random_number_publisher():
    # Initialize the ROS node with a unique name
    rospy.init_node('random_number_publisher', anonymous=True)

    # Create a publisher with topic name 'random_numbers' and message type Int32
    pub = rospy.Publisher('random_numbers', Int32, queue_size=10)

    rate = rospy.Rate(1)  # Set the publishing rate (1 Hz)

    while not rospy.is_shutdown():
        # Generate a random integer between 1 and 100
        random_number = random.randint(1, 100)

        # Publish the random number
        rospy.loginfo(""Publishing random number: %d"" % random_number)
        pub.publish(random_number)

        rate.sleep()

if __name__ == '__main__':
    try:
        random_number_publisher()
    except rospy.ROSInterruptException:
        pass",4.2253158128604715
43,task make a ROS1 publisher in python,"#!/usr/bin/env python

import rospy
from std_msgs.msg import String

def publisher():
    # Initialize the ROS node with a unique name
    rospy.init_node('publisher_node', anonymous=True)

    # Create a publisher object to publish messages of type String to the 'topic_name' topic
    pub = rospy.Publisher('topic_name', String, queue_size=10)

    # Set the publishing rate in Hertz
    rate = rospy.Rate(1)  # 1 Hz

    while not rospy.is_shutdown():
        # Create a message of type String
        message = String()
        message.data = ""Hello, world!""

        # Publish the message
        pub.publish(message)
        rospy.loginfo('Publishing: {}'.format(message.data))

        rate.sleep()

if __name__ == '__main__':
    try:
        publisher()
    except rospy.ROSInterruptException:
        pass",4.266954504343713
52,make a control ROS1 publisher node,"#!/usr/bin/env python

import rospy
from geometry_msgs.msg import Twist

class ControlPublisher:
    def __init__(self):
        # Initialize the ROS node
        rospy.init_node('control_publisher', anonymous=True)

        # Create a publisher to publish velocity commands
        self.velocity_pub = rospy.Publisher('/cmd_vel', Twist, queue_size=10)

        # Set the loop rate
        self.rate = rospy.Rate(10)

    def run(self):
        while not rospy.is_shutdown():
            # Create a Twist message to send velocity commands
            vel_cmd = Twist()
            vel_cmd.linear.x = 0.5  # Set linear velocity
            vel_cmd.angular.z = 0.1  # Set angular velocity

            # Publish the velocity command
            self.velocity_pub.publish(vel_cmd)

            # Sleep to maintain the loop rate
            self.rate.sleep()

if __name__ == '__main__':
    try:
        control_publisher = ControlPublisher()
        control_publisher.run()
    except rospy.ROSInterruptException:
        pass",4.117283778295103
60,make a process ROS1 publisher in python,"#!/usr/bin/env python

import rospy
from std_msgs.msg import String

def publisher_node():
    # Initialize the ROS Node
    rospy.init_node('publisher_node', anonymous=True)
    
    # Create a publisher with topic name 'chatter' and message type 'String'
    pub = rospy.Publisher('chatter', String, queue_size=10)
    
    # Set the publishing rate (in Hz)
    rate = rospy.Rate(1)  # 1 Hz
    
    # Main loop
    while not rospy.is_shutdown():
        # Create a message
        message = ""Hello, ROS!""
        
        # Publish the message
        rospy.loginfo(""Publishing: %s"" % message)
        pub.publish(message)
        
        # Wait according to the publishing rate
        rate.sleep()

if __name__ == '__main__':
    try:
        publisher_node()
    except rospy.ROSInterruptException:
        pass",4.279216076185057
62,make a ROS1 publisher planning in python,"#!/usr/bin/env python

import rospy
from std_msgs.msg import String

def publisher():
    # Initialize the ROS node with a unique name
    rospy.init_node('publisher_node', anonymous=True)
    
    # Create a publisher object that publishes messages of type String on the 'topic_name' topic
    pub = rospy.Publisher('topic_name', String, queue_size=10)
    
    # Set the publishing rate to 1 Hz
    rate = rospy.Rate(1)  # 1Hz
    
    while not rospy.is_shutdown():
        # Create a string message
        message = String(data=""Hello, world!"")
        
        # Publish the message
        pub.publish(message)
        
        # Print the message to the console
        rospy.loginfo(""Publishing: {}"".format(message.data))
        
        rate.sleep()

if __name__ == '__main__':
    try:
        publisher()
    except rospy.ROSInterruptException:
        pass",4.222778025758808
68,make ROS1 publisher in python,"#!/usr/bin/env python

import rospy
from std_msgs.msg import String

def publisher_node():
    # Initialize the ROS node with a unique name
    rospy.init_node('publisher_node', anonymous=True)
    
    # Create a publisher object which will publish messages to the 'topic_name' topic of type 'String'
    pub = rospy.Publisher('topic_name', String, queue_size=10)
    
    # Set the publishing rate (in Hz)
    rate = rospy.Rate(1)  # 1 Hz
    
    while not rospy.is_shutdown():
        # Create a message object of type 'String'
        msg = String()
        msg.data = 'Hello, ROS!'
        
        # Publish the message
        pub.publish(msg)
        
        # Log the message to the console
        rospy.loginfo('Publishing: {}'.format(msg.data))
        
        # Wait for the specified rate to control publishing frequency
        rate.sleep()

if __name__ == '__main__':
    try:
        publisher_node()
    except rospy.ROSInterruptException:
        pass",3.9059865637374407
69,make a task ROS1 publisher in python,"#!/usr/bin/env python

import rospy
from std_msgs.msg import Int32
import time

def publisher():
    # Initialize ROS node
    rospy.init_node('number_publisher', anonymous=True)
    
    # Create a publisher for publishing integer messages on the 'number' topic
    pub = rospy.Publisher('number', Int32, queue_size=10)
    
    rate = rospy.Rate(1)  # 1 Hz
    
    while not rospy.is_shutdown():
        # Generate a random integer value
        number = 42
        
        # Publish the number
        rospy.loginfo(""Publishing: %d"", number)
        pub.publish(number)
        
        rate.sleep()

if __name__ == '__main__':
    try:
        publisher()
    except rospy.ROSInterruptException:
        pass",4.126956006620659
82,make a ROS1 publisher publisher in python,"#!/usr/bin/env python

import rospy
from std_msgs.msg import String

def publisher():
    # Initialize the ROS node with the name 'publisher_node'
    rospy.init_node('publisher_node', anonymous=True)

    # Create a publisher that publishes messages of type String on the topic 'topic_name'
    pub = rospy.Publisher('topic_name', String, queue_size=10)

    rate = rospy.Rate(1)  # 1 Hz

    while not rospy.is_shutdown():
        # Create a string message
        message = ""Hello, world!""
        
        # Log the message to console
        rospy.loginfo(message)

        # Publish the message
        pub.publish(message)

        rate.sleep()

if __name__ == '__main__':
    try:
        publisher()
    except rospy.ROSInterruptException:
        pass",1.3342826530337648
84,make a ROS1 publisher in node python,"#!/usr/bin/env python

import rospy
from std_msgs.msg import String

def publisher():
    # Initialize the ROS node with a name 'publisher_node'
    rospy.init_node('publisher_node', anonymous=True)

    # Create a publisher with topic name 'my_topic' and message type 'String'
    pub = rospy.Publisher('my_topic', String, queue_size=10)

    # Set the publishing rate to 1 Hz
    rate = rospy.Rate(1)

    while not rospy.is_shutdown():
        # Create a message of type 'String'
        message = String()
        message.data = 'Hello, world!'

        # Publish the message
        pub.publish(message)

        # Log the published message
        rospy.loginfo('Published: %s', message.data)

        # Sleep according to the specified rate
        rate.sleep()

if __name__ == '__main__':
    try:
        publisher()
    except rospy.ROSInterruptException:
        pass",4.208807600400337
93,make process a ROS1 publisher in python,"#!/usr/bin/env python

import rospy
from std_msgs.msg import String

def publisher():
    # Initialize the ROS node with a unique name
    rospy.init_node('string_publisher', anonymous=True)
    
    # Create a publisher object that publishes messages of type String on the 'my_topic' topic
    pub = rospy.Publisher('my_topic', String, queue_size=10)
    
    rate = rospy.Rate(1)  # 1 Hz

    while not rospy.is_shutdown():
        # Create a string message
        msg = String()
        msg.data = 'Hello, ROS!'
        
        # Publish the message
        pub.publish(msg)
        
        rate.sleep()

if __name__ == '__main__':
    try:
        publisher()
    except rospy.ROSInterruptException:
        pass",4.357728607056403
94,spin make a ROS1 publisher in python,"#!/usr/bin/env python

import rospy
from std_msgs.msg import String

def publisher():
    # Initialize the ROS Node with the name 'publisher_node'
    rospy.init_node('publisher_node', anonymous=True)

    # Create a Publisher object that will publish messages of type String on the topic '/my_custom_topic'
    pub = rospy.Publisher('/my_custom_topic', String, queue_size=10)

    # Set the publishing rate to 1 Hz
    rate = rospy.Rate(1)

    while not rospy.is_shutdown():
        # Create a message of type String
        message = ""Hello, this is a custom message!""

        # Publish the message on the topic '/my_custom_topic'
        pub.publish(message)

        # Print the message to the console
        rospy.loginfo(message)

        # Sleep to maintain the publishing rate
        rate.sleep()

if __name__ == '__main__':
    try:
        publisher()
    except rospy.ROSInterruptException:
        pass",4.179466770294372
95,make a navigation ROS1 publisher in python,"#!/usr/bin/env python

import rospy
from geometry_msgs.msg import PoseStamped

class NavigationPublisher:
    def __init__(self):
        rospy.init_node('navigation_publisher', anonymous=True)
        self.nav_goal_pub = rospy.Publisher('/navigation/goal', PoseStamped, queue_size=10)

    def publish_navigation_goal(self, x, y, z):
        nav_goal = PoseStamped()
        nav_goal.header.stamp = rospy.Time.now()
        nav_goal.pose.position.x = x
        nav_goal.pose.position.y = y
        nav_goal.pose.position.z = z

        self.nav_goal_pub.publish(nav_goal)
        rospy.loginfo(""Published navigation goal - X: {}, Y: {}, Z: {}"".format(x, y, z))

if __name__ == '__main__':
    try:
        nav_publisher = NavigationPublisher()

        # Example navigation goals
        nav_publisher.publish_navigation_goal(1.0, 0.5, 0.0)
        nav_publisher.publish_navigation_goal(2.0, 1.0, 0.0)
        nav_publisher.publish_navigation_goal(0.5, 1.5, 0.0)

    except rospy.ROSInterruptException:
        pass",4.597303789660156
97,make a ROS1 interface publisher in python,"#!/usr/bin/env python

import rospy
from std_msgs.msg import String

def publish_message():
    # Initialize the ROS Node with a unique name
    rospy.init_node('interface_publisher', anonymous=True)

    # Create a Publisher object that publishes messages of type std_msgs/String on the 'interface_topic'
    pub = rospy.Publisher('interface_topic', String, queue_size=10)

    # Set the publishing rate to 1 Hz
    rate = rospy.Rate(1)  # 1 Hz

    while not rospy.is_shutdown():
        # Create a message object
        message = String()
        message.data = ""Hello, World!""

        # Publish the message
        pub.publish(message)
        rospy.loginfo(""Publishing message: %s"" % message.data)

        # Sleep for the remainder of the cycle
        rate.sleep()

if __name__ == '__main__':
    try:
        publish_message()
    except rospy.ROSInterruptException:
        pass",3.960180169826382
131,make a robot ROS1 publisher in python,"#!/usr/bin/env python

import rospy
from std_msgs.msg import String

def robot_publisher():
    rospy.init_node('robot_publisher', anonymous=True)
    pub = rospy.Publisher('robot_topic', String, queue_size=10)
    rate = rospy.Rate(1)  # 1Hz
    msg = String()

    while not rospy.is_shutdown():
        msg.data = 'Hello, robot!'
        pub.publish(msg)
        rate.sleep()

if __name__ == '__main__':
    try:
        robot_publisher()
    except rospy.ROSInterruptException:
        pass",4.660742302716835
132,make a ROS1 in python,"#!/usr/bin/env python

import rospy
from std_msgs.msg import String

class ExampleNode:
    def __init__(self):
        rospy.init_node('example_node', anonymous=True)
        
        self.subscriber = rospy.Subscriber('/example_topic', String, self.callback)
        self.publisher = rospy.Publisher('/output_topic', String, queue_size=10)
    
    def callback(self, data):
        rospy.loginfo(""Received message: %s"", data.data)
        self.publisher.publish(data)

def main():
    example_node = ExampleNode()
    rospy.spin()

if __name__ == '__main__':
    try:
        main()
    except rospy.ROSInterruptException:
        pass",4.863248433293402
133,navigation make a ROS1 publisher in python,"#!/usr/bin/env python

import rospy
from std_msgs.msg import Int32

def publisher():
    # Initialize the ROS node with a unique name
    rospy.init_node('counter_publisher', anonymous=True)
    
    # Create a publisher object
    pub = rospy.Publisher('/counter', Int32, queue_size=10)
    
    # Set the publishing rate (in Hz)
    rate = rospy.Rate(1)  # 1 Hz
    
    counter = 0
    
    while not rospy.is_shutdown():
        # Publish the counter value on the topic
        pub.publish(counter)
        
        # Increment the counter
        counter += 1
        
        # Log the counter value
        rospy.loginfo(""Publishing: %d"" % counter)
        
        rate.sleep()

if __name__ == '__main__':
    try:
        publisher()
    except rospy.ROSInterruptException:
        pass",4.275536441190882
139,make a control ROS1 publisher in python,"#!/usr/bin/env python

import rospy
from std_msgs.msg import Int32

def control_publisher():
    # Initialize the ROS node with the name 'control_publisher'
    rospy.init_node('control_publisher', anonymous=True)
    
    # Create a publisher on the topic '/control_commands' with message type Int32
    pub = rospy.Publisher('/control_commands', Int32, queue_size=10)
    
    # Set the publishing rate to 1 Hz
    rate = rospy.Rate(1)
    
    # Main loop
    while not rospy.is_shutdown():
        # Create a random control command value (you can replace it with your own logic)
        control_command = 5
        
        # Publish the control command to the topic
        rospy.loginfo(""Publishing control command: %d"", control_command)
        pub.publish(control_command)
        
        rate.sleep()

if __name__ == '__main__':
    try:
        control_publisher()
    except rospy.ROSInterruptException:
        pass",4.180912713703014
162,make a ROS1 publisher in mapping python,"#!/usr/bin/env python

import rospy
from std_msgs.msg import String  # Import necessary message type

def mapping_publisher():
    rospy.init_node('mapping_publisher_node', anonymous=True)  # Initialize node

    pub = rospy.Publisher('mapping_data', String, queue_size=10)  # Create publisher object

    rate = rospy.Rate(1)  # 1 Hz

    while not rospy.is_shutdown():
        # Sample mapping data, replace with actual mapping data
        mapping_data = ""Map: A->B->C->D""

        rospy.loginfo(mapping_data)  # Log mapping data
        pub.publish(mapping_data)  # Publish mapping data

        rate.sleep()  # Sleep based on rate

if __name__ == '__main__':
    try:
        mapping_publisher()
    except rospy.ROSInterruptException:
        pass",4.3238928042387865
168,make a node ROS1 publisher in python,"#!/usr/bin/env python

import rospy
from std_msgs.msg import String

def publisher_node():
    # Initialize the ROS node
    rospy.init_node('publisher_node', anonymous=True)
    
    # Create a publisher with topic '/robot_message' and message type 'String'
    pub = rospy.Publisher('/robot_message', String, queue_size=10)
    
    rate = rospy.Rate(1)  # Publish message every second
    
    while not rospy.is_shutdown():
        message = ""Hello, I am the robot!""
        rospy.loginfo(message)
        pub.publish(message)
        rate.sleep()

if __name__ == '__main__':
    try:
        publisher_node()
    except rospy.ROSInterruptException:
        pass",4.435251259392379
171,make a ROS1 for ROS in python,"#!/usr/bin/env python

import rospy
from std_msgs.msg import String

class SimpleRosNode:
    def __init__(self):
        rospy.init_node('simple_ros_node', anonymous=True)
        self.subscriber = rospy.Subscriber('input_topic', String, self.callback)
        self.publisher = rospy.Publisher('output_topic', String, queue_size=10)

    def callback(self, data):
        # Perform a simple operation on the incoming data
        processed_data = data.data.upper()
        
        # Publish the processed data to the output topic
        self.publisher.publish(processed_data)

if __name__ == '__main__':
    node = SimpleRosNode()
    
    try:
        rospy.spin()
    except rospy.ROSInterruptException:
        pass",4.765538921401944
176,make a ROS1 publisher in interface python,"#!/usr/bin/env python

import rospy
from std_msgs.msg import Int32

def number_publisher():
    rospy.init_node('number_publisher', anonymous=True)
    pub = rospy.Publisher('/number_publisher', Int32, queue_size=10)
    rate = rospy.Rate(1)  # 1 Hz

    while not rospy.is_shutdown():
        number = 42  # Example number to publish
        rospy.loginfo('Publishing: {}'.format(number))
        pub.publish(number)
        rate.sleep()

if __name__ == '__main__':
    try:
        number_publisher()
    except rospy.ROSInterruptException:
        pass",4.677722407593906
183,make a ROS1 ROS1 publisher in python,"#!/usr/bin/env python

import rospy
from std_msgs.msg import String

def publisher():
    # Initialize the ROS node with a unique name
    rospy.init_node('my_publisher_node', anonymous=True)

    # Create a publisher object with topic name '/my_topic' and message type 'std_msgs/String'
    pub = rospy.Publisher('/my_topic', String, queue_size=10)

    rate = rospy.Rate(1)  # Set the publishing rate in Hz

    while not rospy.is_shutdown():
        # Create a String message and publish it
        message = ""Hello, ROS!""
        rospy.loginfo(""Publishing: %s"", message)
        pub.publish(String(message))

        rate.sleep()

if __name__ == '__main__':
    try:
        publisher()
    except rospy.ROSInterruptException:
        pass",1.3407507672997667
192,make a ROS1 publisher ROS in python,"#!/usr/bin/env python

import rospy
from std_msgs.msg import String

def publisher():
    # Initialize node
    rospy.init_node('publisher_node', anonymous=True)

    # Create a publisher on the topic '/chatter' with message type 'String'
    pub = rospy.Publisher('/chatter', String, queue_size=10)

    # Set the publishing rate (1 Hz)
    rate = rospy.Rate(1)

    while not rospy.is_shutdown():
        # Create a message of type 'String'
        message = String()
        message.data = ""Hello, world!""

        # Publish the message
        rospy.loginfo(""Publishing message: "" + message.data)
        pub.publish(message)

        rate.sleep()

if __name__ == '__main__':
    try:
        publisher()
    except rospy.ROSInterruptException:
        pass",4.336775491862714
197,make a ROS1 navigation publisher in python,"#!/usr/bin/env python

import rospy
from geometry_msgs.msg import PoseStamped

def navigation_publisher():
    rospy.init_node('navigation_publisher', anonymous=True)
    
    # Create a publisher for sending navigation goals
    goal_publisher = rospy.Publisher('/move_base_simple/goal', PoseStamped, queue_size=10)
    
    rate = rospy.Rate(1)  # 1 Hz

    while not rospy.is_shutdown():
        # Create a new PoseStamped message
        goal = PoseStamped()
        goal.header.stamp = rospy.Time.now()
        goal.header.frame_id = ""map""  # Make sure to set the correct frame ID
        
        # Set the goal position (assumed values for demonstration)
        goal.pose.position.x = 1.0
        goal.pose.position.y = 2.0
        goal.pose.position.z = 0.0
        
        # Set the goal orientation (assumed values for demonstration)
        goal.pose.orientation.x = 0.0
        goal.pose.orientation.y = 0.0
        goal.pose.orientation.z = 0.0
        goal.pose.orientation.w = 1.0

        # Publish the goal
        goal_publisher.publish(goal)

        rate.sleep()

if __name__ == '__main__':
    try:
        navigation_publisher()
    except rospy.ROSInterruptException:
        pass",3.5516206697133965
199,make a ROS1 publisher execution in python,"#!/usr/bin/env python

import rospy
from std_msgs.msg import String

def publisher():
    # Initialize the ROS node with a unique name
    rospy.init_node('my_publisher_node', anonymous=True)

    # Create a publisher with topic name 'my_topic' and message type 'String'
    pub = rospy.Publisher('my_topic', String, queue_size=10)

    rate = rospy.Rate(1)  # 1 Hz

    while not rospy.is_shutdown():
        # Create a message of type 'String'
        message = String()
        message.data = ""Hello, world!""

        # Publish the message
        pub.publish(message)
        rospy.loginfo(""Message sent: %s"", message.data)

        rate.sleep()

if __name__ == '__main__':
    try:
        publisher()
    except rospy.ROSInterruptException:
        pass",4.310570409468714
